{
  "memory": {
    "rss_mb": {
      "min": 86.0703125,
      "max": 124.48046875,
      "avg": 111.4599609375
    },
    "samples": 4
  },
  "cpu": {
    "system_percent": {
      "min": 0.0,
      "max": 46.7,
      "avg": 19.975
    },
    "samples": 4
  },
  "process_time": "2026-01-31 11:45:46",
  "business_tag": "VAT_INV",
  "worker_count": 15
}