{
  "memory": {
    "rss_mb": {
      "min": 86.4609375,
      "max": 125.28515625,
      "avg": 111.818359375
    },
    "samples": 4
  },
  "cpu": {
    "system_percent": {
      "min": 17.0,
      "max": 100.0,
      "avg": 47.55
    },
    "samples": 4
  },
  "process_time": "2026-01-30 17:11:46",
  "business_tag": "VAT_INV",
  "worker_count": 15
}