{
  "memory": {
    "rss_mb": {
      "min": 86.23828125,
      "max": 124.91796875,
      "avg": 111.759765625
    },
    "samples": 4
  },
  "cpu": {
    "system_percent": {
      "min": 0.0,
      "max": 46.7,
      "avg": 16.225
    },
    "samples": 4
  },
  "process_time": "2026-01-31 11:46:07",
  "business_tag": "VAT_INV",
  "worker_count": 15
}