{
  "memory": {
    "rss_mb": {
      "min": 86.65625,
      "max": 147.890625,
      "avg": 117.2412109375
    },
    "samples": 4
  },
  "cpu": {
    "system_percent": {
      "min": 0.0,
      "max": 55.3,
      "avg": 26.299999999999997
    },
    "samples": 4
  },
  "process_time": "2026-01-30 16:26:09",
  "business_tag": "VAT_INV",
  "worker_count": 15
}