{
  "memory": {
    "rss_mb": {
      "min": 86.44921875,
      "max": 124.83203125,
      "avg": 111.7509765625
    },
    "samples": 4
  },
  "cpu": {
    "system_percent": {
      "min": 0.0,
      "max": 49.5,
      "avg": 24.575
    },
    "samples": 4
  },
  "process_time": "2026-01-30 16:51:56",
  "business_tag": "VAT_INV",
  "worker_count": 15
}