{
  "memory": {
    "rss_mb": {
      "min": 86.13671875,
      "max": 124.40234375,
      "avg": 111.3154296875
    },
    "samples": 4
  },
  "cpu": {
    "system_percent": {
      "min": 0.0,
      "max": 48.7,
      "avg": 22.200000000000003
    },
    "samples": 4
  },
  "process_time": "2026-01-30 16:10:43",
  "business_tag": "VAT_INV",
  "worker_count": 15
}