{
  "memory": {
    "rss_mb": {
      "min": 86.07421875,
      "max": 125.0078125,
      "avg": 111.5869140625
    },
    "samples": 4
  },
  "cpu": {
    "system_percent": {
      "min": 0.0,
      "max": 52.9,
      "avg": 24.775
    },
    "samples": 4
  },
  "process_time": "2026-01-30 16:20:20",
  "business_tag": "VAT_INV",
  "worker_count": 15
}